{
  "name": "Account",
  "plural": "account",
  "base": "User",
  "idInjection": true,
  "options": {
    "validateUpsert": true
  },
  "properties": {

    "accountId": {
      "type": "number",
      "id": true,
      "generated": true
    },
    "icon": {
      "type": "String",
      "default": ""
    },
    "studentId": {
      "type": "String",
      "default": ""
    },
    "info": {
      "type": "String",
      "default": ""
    }
  },
  "validations": [],
  "relations": {
    "orders": {
      "type": "hasMany",
      "model": "Orders",
      "foreignKey": "accountId"
    },
    
    "minister": {
      "type": "hasMany",
      "model": "Association",
      "foreignKey": "accountId"
    },
    "assistant": {
      "type": "hasMany",
      "model": "Association",
      "foreignKey": "accountId",
      "through": "AssociationAccount"
    },
    "leadActivity": {
      "type": "hasMany",
      "model": "Activity",
      "foreignKey": "accountId",
      "through": "ActivityAccount"
    }
  },
  "acls": [
    {
      "principalType": "ROLE",
      "principalId": "$everyone",
      "permission": "DENY"
    },
    {
      "accessType": "*",
      "principalType": "ROLE",
      "principalId": "$owner",
      "permission": "ALLOW"
    },
    {
      "accessType": "*",
      "principalType": "ROLE",
      "principalId": "admin",
      "permission": "ALLOW"
    }
  ],
  "methods": {
    
  }
}
