{
  "name": "Activity",
  "plural": "activity",
  "base": "PersistedModel",
  "idInjection": true,
  "options": {
    "validateUpsert": true
  },
  "properties": {
    "activityId": {
      "type": "number",
      "id": true,
      "generated": true
    },
    "name": {
      "type": "String",
      "default": ""
    },
    "info": {
      "type": "String",
      "default": "暂时没有介绍"
    },
    "startDate": {
      "type": "date"
    },
    "endDate": {
      "type": "date"
    }
  },
  "validations": [],
  "relations": {
    "association": {
      "type": "belongsTo",
      "model": "Association",
      "foreignKey": "associationId"
    },
    "order": {
      "type": "hasMany",
      "model": "Order",
      "foreignKey": "activityId"
    },
    "leadActivity": {
      "type": "hasMany",
      "model": "Account",
      "foreignKey": "activityId",
      "through": "ActivityAccount"
    }
  },
  "acls": [],
  "methods": {}
}