{
  "name": "Association",
  "plural": "association",
  "base": "PersistedModel",
  "idInjection": true,
  "options": {
    "validateUpsert": true
  },
  "properties": {
    
    "associationId": {
      "type": "number",
      "id": true,
      "generated": true
    },
    
    "name": {
      "type": "string"
    },
    "info": {
      "type": "string",
      "default": ""
    }
  },
  "validations": [],
  "relations": {
    "activity": {
      "type": "hasMany",
      "model": "Activity",
      "foreignKey": "associationId"
    },
    "assistant": {
      "type": "hasMany",
      "model": "Account",
      "foreignKey": "associationId",
      "through": "AssociationAccount"
    },
    "minister": {
      "type": "belongsTo",
      "model": "Account",
      "foreignKey": "accountId"
    }
  },
  "acls": [],
  "methods": {}
}